time_iso8601,clones_total,clones_unique,views_total,views_unique
2023-09-22 00:00:00+00:00,3,3,44,16
2023-09-23 00:00:00+00:00,1,1,23,7
2023-09-24 00:00:00+00:00,0,0,12,9
2023-09-25 00:00:00+00:00,2,2,59,26
2023-09-26 00:00:00+00:00,1,1,57,24
2023-09-27 00:00:00+00:00,0,0,100,22
2023-09-28 00:00:00+00:00,1,1,71,13
2023-09-29 00:00:00+00:00,3,3,58,24
2023-09-30 00:00:00+00:00,0,0,16,7
2023-10-01 00:00:00+00:00,1,1,22,7
2023-10-02 00:00:00+00:00,1,1,63,22
2023-10-03 00:00:00+00:00,1,1,51,13
2023-10-04 00:00:00+00:00,2,2,63,13
2023-10-05 00:00:00+00:00,2,2,39,16
2023-10-06 00:00:00+00:00,14,7,32,10
2023-10-07 00:00:00+00:00,13,8,19,10
2023-10-08 00:00:00+00:00,7,7,84,14
2023-10-09 00:00:00+00:00,4,3,123,26
2023-10-10 00:00:00+00:00,15,6,57,20
2023-10-11 00:00:00+00:00,6,6,125,18
2023-10-12 00:00:00+00:00,2,2,47,15
2023-10-13 00:00:00+00:00,5,3,89,18
2023-10-14 00:00:00+00:00,20,5,43,7
2023-10-15 00:00:00+00:00,3,3,6,5
2023-10-16 00:00:00+00:00,11,6,99,16
2023-10-17 00:00:00+00:00,3,3,76,30
2023-10-18 00:00:00+00:00,5,5,88,24
2023-10-19 00:00:00+00:00,3,3,79,20
2023-10-20 00:00:00+00:00,3,3,34,15
2023-10-21 00:00:00+00:00,5,5,18,4
2023-10-22 00:00:00+00:00,4,4,48,6
2023-10-23 00:00:00+00:00,4,4,28,16
2023-10-24 00:00:00+00:00,4,4,52,17
2023-10-25 00:00:00+00:00,6,6,22,14
2023-10-26 00:00:00+00:00,14,9,52,18
2023-10-27 00:00:00+00:00,3,3,84,13
2023-10-28 00:00:00+00:00,6,6,11,5
2023-10-29 00:00:00+00:00,5,5,24,6
2023-10-30 00:00:00+00:00,4,4,113,22
2023-10-31 00:00:00+00:00,10,5,107,20
2023-11-01 00:00:00+00:00,3,3,55,25
2023-11-02 00:00:00+00:00,3,3,117,17
2023-11-03 00:00:00+00:00,4,4,68,11
2023-11-04 00:00:00+00:00,4,4,9,7
2023-11-05 00:00:00+00:00,5,5,1,1
2023-11-06 00:00:00+00:00,5,5,43,23
2023-11-07 00:00:00+00:00,5,5,19,9
2023-11-08 00:00:00+00:00,2,2,56,23
2023-11-09 00:00:00+00:00,5,5,54,15
2023-11-10 00:00:00+00:00,2,2,45,17
2023-11-11 00:00:00+00:00,3,3,26,6
2023-11-12 00:00:00+00:00,6,6,24,10
2023-11-13 00:00:00+00:00,4,4,22,15
2023-11-14 00:00:00+00:00,4,4,31,21
2023-11-15 00:00:00+00:00,10,5,40,17
2023-11-16 00:00:00+00:00,4,4,56,23
2023-11-17 00:00:00+00:00,3,3,28,15
2023-11-18 00:00:00+00:00,8,8,19,9
2023-11-19 00:00:00+00:00,4,4,21,5
2023-11-20 00:00:00+00:00,10,5,55,22
2023-11-21 00:00:00+00:00,6,6,118,28
2023-11-22 00:00:00+00:00,8,8,41,15
2023-11-23 00:00:00+00:00,2,2,13,6
2023-11-24 00:00:00+00:00,4,4,23,11
2023-11-25 00:00:00+00:00,4,4,2,2
2023-11-26 00:00:00+00:00,5,5,9,4
2023-11-27 00:00:00+00:00,6,6,53,14
2023-11-28 00:00:00+00:00,2,2,69,20
2023-11-29 00:00:00+00:00,5,4,57,24
2023-11-30 00:00:00+00:00,2,2,131,24
2023-12-01 00:00:00+00:00,4,4,123,23
2023-12-02 00:00:00+00:00,3,3,19,12
2023-12-03 00:00:00+00:00,5,5,19,7
2023-12-04 00:00:00+00:00,9,7,86,26
2023-12-05 00:00:00+00:00,13,9,122,20
2023-12-06 00:00:00+00:00,11,6,38,21
2023-12-07 00:00:00+00:00,6,6,88,27
2023-12-08 00:00:00+00:00,6,4,43,16
2023-12-09 00:00:00+00:00,5,5,20,7
2023-12-10 00:00:00+00:00,7,7,17,7
2023-12-11 00:00:00+00:00,12,7,48,14
2023-12-12 00:00:00+00:00,4,4,67,26
2023-12-13 00:00:00+00:00,6,6,48,19
2023-12-14 00:00:00+00:00,5,5,41,17
2023-12-15 00:00:00+00:00,3,3,98,12
2023-12-16 00:00:00+00:00,5,5,3,3
2023-12-17 00:00:00+00:00,5,5,13,3
2023-12-18 00:00:00+00:00,4,4,36,11
2023-12-19 00:00:00+00:00,4,4,54,14
2023-12-20 00:00:00+00:00,7,7,55,16
2023-12-21 00:00:00+00:00,3,3,17,10
2023-12-22 00:00:00+00:00,3,3,99,10
2023-12-23 00:00:00+00:00,3,3,22,4
2023-12-24 00:00:00+00:00,3,3,13,8
2023-12-25 00:00:00+00:00,4,4,5,4
2023-12-26 00:00:00+00:00,10,5,5,5
2023-12-27 00:00:00+00:00,10,5,38,8
2023-12-28 00:00:00+00:00,6,6,132,12
2023-12-29 00:00:00+00:00,7,6,257,11
2023-12-30 00:00:00+00:00,6,4,12,6
2023-12-31 00:00:00+00:00,4,4,21,6
2024-01-01 00:00:00+00:00,5,5,6,3
2024-01-02 00:00:00+00:00,4,4,38,9
2024-01-03 00:00:00+00:00,5,4,71,21
2024-01-04 00:00:00+00:00,2,2,94,10
2024-01-05 00:00:00+00:00,10,5,18,8
2024-01-06 00:00:00+00:00,3,3,15,6
2024-01-07 00:00:00+00:00,3,3,22,8
2024-01-08 00:00:00+00:00,10,5,30,14
2024-01-09 00:00:00+00:00,4,4,103,15
2024-01-10 00:00:00+00:00,6,5,31,18
2024-01-11 00:00:00+00:00,5,5,32,17
2024-01-12 00:00:00+00:00,5,5,69,20
2024-01-13 00:00:00+00:00,4,4,14,10
2024-01-14 00:00:00+00:00,5,5,15,4
2024-01-15 00:00:00+00:00,5,5,24,17
2024-01-16 00:00:00+00:00,6,6,53,18
2024-01-17 00:00:00+00:00,3,3,32,16
2024-01-18 00:00:00+00:00,2,2,153,24
2024-01-19 00:00:00+00:00,3,3,44,13
2024-01-20 00:00:00+00:00,3,3,16,8
2024-01-21 00:00:00+00:00,8,3,22,8
2024-01-22 00:00:00+00:00,5,5,31,14
2024-01-23 00:00:00+00:00,4,4,37,21
2024-01-24 00:00:00+00:00,2,2,28,16
2024-01-25 00:00:00+00:00,6,6,29,15
2024-01-26 00:00:00+00:00,4,4,28,12
2024-01-27 00:00:00+00:00,6,6,20,7
2024-01-28 00:00:00+00:00,3,3,5,3
2024-01-29 00:00:00+00:00,10,5,48,18
2024-01-30 00:00:00+00:00,8,7,49,27
2024-01-31 00:00:00+00:00,4,4,57,20
2024-02-01 00:00:00+00:00,2,2,51,17
2024-02-02 00:00:00+00:00,5,4,75,20
2024-02-03 00:00:00+00:00,5,5,78,12
2024-02-04 00:00:00+00:00,4,4,36,11
2024-02-05 00:00:00+00:00,4,4,30,16
2024-02-06 00:00:00+00:00,4,4,49,21
2024-02-07 00:00:00+00:00,3,3,56,13
2024-02-08 00:00:00+00:00,3,3,43,15
2024-02-09 00:00:00+00:00,3,3,59,18
2024-02-10 00:00:00+00:00,3,3,11,8
2024-02-11 00:00:00+00:00,4,4,24,5
2024-02-12 00:00:00+00:00,4,4,81,21
2024-02-13 00:00:00+00:00,5,5,95,19
2024-02-14 00:00:00+00:00,4,4,68,23
2024-02-15 00:00:00+00:00,3,3,87,20
2024-02-16 00:00:00+00:00,5,5,36,17
2024-02-17 00:00:00+00:00,3,3,22,11
2024-02-18 00:00:00+00:00,3,3,87,13
2024-02-19 00:00:00+00:00,4,4,64,24
2024-02-20 00:00:00+00:00,4,4,95,26
2024-02-21 00:00:00+00:00,6,6,84,24
2024-02-22 00:00:00+00:00,4,4,47,21
2024-02-23 00:00:00+00:00,4,4,69,15
2024-02-24 00:00:00+00:00,5,5,32,9
2024-02-25 00:00:00+00:00,3,3,25,10
2024-02-26 00:00:00+00:00,7,6,27,17
2024-02-27 00:00:00+00:00,4,4,72,17
2024-02-28 00:00:00+00:00,2,2,53,25
2024-02-29 00:00:00+00:00,3,3,73,24
2024-03-01 00:00:00+00:00,6,6,39,14
2024-03-02 00:00:00+00:00,2,2,38,8
2024-03-03 00:00:00+00:00,6,6,36,11
2024-03-04 00:00:00+00:00,5,5,84,19
2024-03-05 00:00:00+00:00,3,3,65,27
2024-03-06 00:00:00+00:00,5,5,74,19
2024-03-07 00:00:00+00:00,3,3,81,21
2024-03-08 00:00:00+00:00,3,3,129,17
2024-03-09 00:00:00+00:00,4,4,78,12
2024-03-10 00:00:00+00:00,2,2,124,12
2024-03-11 00:00:00+00:00,3,3,96,30
2024-03-12 00:00:00+00:00,5,5,108,19
2024-03-13 00:00:00+00:00,3,3,119,20
2024-03-14 00:00:00+00:00,2,2,100,25
2024-03-15 00:00:00+00:00,3,3,90,20
2024-03-16 00:00:00+00:00,4,4,15,7
2024-03-17 00:00:00+00:00,2,2,39,7
2024-03-18 00:00:00+00:00,5,5,59,24
2024-03-19 00:00:00+00:00,3,3,76,27
2024-03-20 00:00:00+00:00,2,2,63,15
2024-03-21 00:00:00+00:00,4,4,16,9
2024-03-22 00:00:00+00:00,4,4,14,10
2024-03-23 00:00:00+00:00,3,3,29,4
2024-03-24 00:00:00+00:00,2,2,43,5
2024-03-25 00:00:00+00:00,1,1,39,19
2024-03-26 00:00:00+00:00,4,4,95,15
2024-03-27 00:00:00+00:00,4,4,65,18
2024-03-28 00:00:00+00:00,5,3,38,22
2024-03-29 00:00:00+00:00,3,3,37,18
2024-03-30 00:00:00+00:00,2,2,17,6
2024-03-31 00:00:00+00:00,1,1,12,8
2024-04-01 00:00:00+00:00,4,4,57,21
2024-04-02 00:00:00+00:00,5,5,85,14
2024-04-03 00:00:00+00:00,5,5,263,27
2024-04-04 00:00:00+00:00,4,4,157,20
2024-04-05 00:00:00+00:00,2,2,107,26
2024-04-06 00:00:00+00:00,3,3,52,11
2024-04-07 00:00:00+00:00,1,1,10,5
2024-04-08 00:00:00+00:00,4,4,90,22
2024-04-09 00:00:00+00:00,3,3,73,23
2024-04-10 00:00:00+00:00,4,4,142,20
2024-04-11 00:00:00+00:00,4,4,122,28
2024-04-12 00:00:00+00:00,3,3,129,24
2024-04-13 00:00:00+00:00,2,2,35,8
2024-04-14 00:00:00+00:00,3,3,165,13
2024-04-15 00:00:00+00:00,4,4,148,25
2024-04-16 00:00:00+00:00,11,6,99,25
2024-04-17 00:00:00+00:00,5,5,39,23
2024-04-18 00:00:00+00:00,3,3,78,29
2024-04-19 00:00:00+00:00,4,4,32,11
2024-04-20 00:00:00+00:00,2,2,24,9
2024-04-21 00:00:00+00:00,5,5,19,8
2024-04-22 00:00:00+00:00,2,2,92,24
2024-04-23 00:00:00+00:00,11,6,31,19
2024-04-24 00:00:00+00:00,5,5,32,15
2024-04-25 00:00:00+00:00,4,4,111,27
2024-04-26 00:00:00+00:00,3,3,69,22
2024-04-27 00:00:00+00:00,8,5,21,7
2024-04-28 00:00:00+00:00,3,3,7,6
2024-04-29 00:00:00+00:00,11,4,60,28
2024-04-30 00:00:00+00:00,17,14,103,12
2024-05-01 00:00:00+00:00,3,3,41,10
2024-05-02 00:00:00+00:00,7,4,117,16
2024-05-03 00:00:00+00:00,2,2,12,11
2024-05-04 00:00:00+00:00,3,3,15,5
2024-05-05 00:00:00+00:00,7,3,25,9
2024-05-06 00:00:00+00:00,8,4,86,27
2024-05-07 00:00:00+00:00,8,5,68,27
2024-05-08 00:00:00+00:00,6,6,43,18
2024-05-09 00:00:00+00:00,3,3,196,22
2024-05-10 00:00:00+00:00,3,3,31,21
2024-05-11 00:00:00+00:00,5,5,10,6
2024-05-12 00:00:00+00:00,8,8,13,8
2024-05-13 00:00:00+00:00,13,9,51,24
2024-05-14 00:00:00+00:00,2,2,78,32
2024-05-15 00:00:00+00:00,4,4,78,27
2024-05-16 00:00:00+00:00,3,3,31,18
2024-05-17 00:00:00+00:00,2,2,65,24
2024-05-18 00:00:00+00:00,2,2,17,11
2024-05-19 00:00:00+00:00,3,3,6,5
2024-05-20 00:00:00+00:00,4,4,33,17
2024-05-21 00:00:00+00:00,5,2,31,18
2024-05-22 00:00:00+00:00,3,3,30,17
2024-05-23 00:00:00+00:00,4,4,75,21
2024-05-24 00:00:00+00:00,1,1,55,24
2024-05-25 00:00:00+00:00,3,3,24,11
2024-05-26 00:00:00+00:00,8,5,18,5
2024-05-27 00:00:00+00:00,11,7,21,10
2024-05-28 00:00:00+00:00,3,3,66,19
2024-05-29 00:00:00+00:00,2,2,62,18
2024-05-30 00:00:00+00:00,7,6,30,18
2024-05-31 00:00:00+00:00,7,4,45,13
2024-06-01 00:00:00+00:00,5,4,13,9
2024-06-02 00:00:00+00:00,2,2,9,7
2024-06-03 00:00:00+00:00,3,3,51,16
2024-06-04 00:00:00+00:00,10,6,30,15
2024-06-05 00:00:00+00:00,8,5,46,27
2024-06-06 00:00:00+00:00,7,4,39,15
2024-06-07 00:00:00+00:00,7,5,35,10
2024-06-08 00:00:00+00:00,3,3,14,12
2024-06-09 00:00:00+00:00,2,2,10,7
2024-06-10 00:00:00+00:00,7,3,52,25
2024-06-11 00:00:00+00:00,4,4,72,23
2024-06-12 00:00:00+00:00,3,3,23,21
2024-06-13 00:00:00+00:00,14,7,27,15
2024-06-14 00:00:00+00:00,1,1,20,11
2024-06-15 00:00:00+00:00,3,1,34,13
2024-06-16 00:00:00+00:00,0,0,26,12
2024-06-17 00:00:00+00:00,6,2,73,25
2024-06-18 00:00:00+00:00,10,6,51,22
2024-06-19 00:00:00+00:00,3,3,37,22
2024-06-20 00:00:00+00:00,10,6,75,21
2024-06-21 00:00:00+00:00,5,3,144,27
2024-06-22 00:00:00+00:00,2,1,19,10
2024-06-23 00:00:00+00:00,5,3,9,8
2024-06-24 00:00:00+00:00,0,0,62,26
2024-06-25 00:00:00+00:00,1,1,82,21
2024-06-26 00:00:00+00:00,1,1,27,19
2024-06-27 00:00:00+00:00,5,3,31,19
2024-06-28 00:00:00+00:00,0,0,20,11
2024-06-29 00:00:00+00:00,2,1,15,7
2024-06-30 00:00:00+00:00,3,1,57,11
2024-07-01 00:00:00+00:00,2,2,67,23
2024-07-02 00:00:00+00:00,3,1,73,27
2024-07-03 00:00:00+00:00,2,2,33,18
2024-07-04 00:00:00+00:00,3,2,27,18
2024-07-05 00:00:00+00:00,0,0,115,21
2024-07-06 00:00:00+00:00,1,1,13,6
2024-07-07 00:00:00+00:00,1,1,17,7
2024-07-08 00:00:00+00:00,4,4,67,31
2024-07-09 00:00:00+00:00,0,0,37,22
2024-07-10 00:00:00+00:00,0,0,26,22
2024-07-11 00:00:00+00:00,5,3,31,23
2024-07-12 00:00:00+00:00,3,3,88,21
2024-07-13 00:00:00+00:00,6,3,8,7
2024-07-14 00:00:00+00:00,0,0,9,8
2024-07-15 00:00:00+00:00,1,1,41,21
2024-07-16 00:00:00+00:00,3,1,90,17
2024-07-17 00:00:00+00:00,1,1,26,17
2024-07-18 00:00:00+00:00,2,2,21,14
2024-07-19 00:00:00+00:00,0,0,26,13
2024-07-20 00:00:00+00:00,6,1,11,9
2024-07-21 00:00:00+00:00,0,0,10,9
2024-07-22 00:00:00+00:00,0,0,34,23
2024-07-23 00:00:00+00:00,2,2,42,17
2024-07-24 00:00:00+00:00,2,2,47,17
2024-07-25 00:00:00+00:00,3,1,24,14
2024-07-26 00:00:00+00:00,0,0,68,18
2024-07-27 00:00:00+00:00,1,1,14,6
2024-07-28 00:00:00+00:00,0,0,9,7
2024-07-29 00:00:00+00:00,0,0,24,21
2024-07-30 00:00:00+00:00,0,0,34,22
2024-07-31 00:00:00+00:00,1,1,82,22
2024-08-01 00:00:00+00:00,1,1,55,16
2024-08-02 00:00:00+00:00,2,2,49,19
2024-08-03 00:00:00+00:00,0,0,9,7
2024-08-04 00:00:00+00:00,5,2,52,6
2024-08-05 00:00:00+00:00,6,3,33,19
2024-08-06 00:00:00+00:00,2,2,28,18
2024-08-07 00:00:00+00:00,3,3,66,30
2024-08-08 00:00:00+00:00,1,1,37,21
2024-08-09 00:00:00+00:00,0,0,31,12
2024-08-10 00:00:00+00:00,3,1,55,7
2024-08-11 00:00:00+00:00,3,1,9,6
2024-08-12 00:00:00+00:00,0,0,43,21
2024-08-13 00:00:00+00:00,0,0,52,16
2024-08-14 00:00:00+00:00,2,2,37,15
2024-08-15 00:00:00+00:00,2,2,81,30
2024-08-16 00:00:00+00:00,3,2,24,14
2024-08-17 00:00:00+00:00,3,2,5,3
2024-08-18 00:00:00+00:00,0,0,9,8
2024-08-19 00:00:00+00:00,3,3,32,15
2024-08-20 00:00:00+00:00,3,2,75,12
2024-08-21 00:00:00+00:00,0,0,55,14
2024-08-22 00:00:00+00:00,6,4,18,14
2024-08-23 00:00:00+00:00,3,2,17,13
2024-08-24 00:00:00+00:00,4,1,24,10
2024-08-25 00:00:00+00:00,0,0,16,8
2024-08-26 00:00:00+00:00,1,1,62,23
2024-08-27 00:00:00+00:00,3,1,59,16
2024-08-28 00:00:00+00:00,0,0,39,26
2024-08-29 00:00:00+00:00,3,1,38,19
2024-08-30 00:00:00+00:00,1,1,20,14
2024-08-31 00:00:00+00:00,1,1,24,12
2024-09-01 00:00:00+00:00,2,1,12,5
2024-09-02 00:00:00+00:00,1,1,28,12
2024-09-03 00:00:00+00:00,1,1,36,22
2024-09-04 00:00:00+00:00,3,2,41,17
2024-09-05 00:00:00+00:00,4,2,70,19
2024-09-06 00:00:00+00:00,3,2,48,16
2024-09-07 00:00:00+00:00,2,1,21,11
2024-09-08 00:00:00+00:00,1,1,57,14
2024-09-09 00:00:00+00:00,6,3,59,26
2024-09-10 00:00:00+00:00,0,0,30,11
2024-09-11 00:00:00+00:00,3,2,34,15
2024-09-12 00:00:00+00:00,2,1,58,12
2024-09-13 00:00:00+00:00,1,1,34,24
2024-09-14 00:00:00+00:00,1,1,4,2
2024-09-15 00:00:00+00:00,3,2,12,8
2024-09-16 00:00:00+00:00,0,0,34,12
2024-09-17 00:00:00+00:00,3,1,33,22
2024-09-18 00:00:00+00:00,2,1,21,15
2024-09-19 00:00:00+00:00,0,0,34,13
2024-09-20 00:00:00+00:00,0,0,12,11
2024-09-21 00:00:00+00:00,1,1,10,8
2024-09-22 00:00:00+00:00,2,1,28,8
2024-09-23 00:00:00+00:00,0,0,28,18
2024-09-24 00:00:00+00:00,1,1,37,22
2024-09-25 00:00:00+00:00,2,2,25,19
2024-09-26 00:00:00+00:00,0,0,67,20
2024-09-27 00:00:00+00:00,4,1,22,18
2024-09-28 00:00:00+00:00,0,0,17,8
2024-09-29 00:00:00+00:00,0,0,11,10
2024-09-30 00:00:00+00:00,3,1,30,22
2024-10-01 00:00:00+00:00,0,0,20,13
2024-10-02 00:00:00+00:00,1,1,19,16
2024-10-03 00:00:00+00:00,2,1,22,15
2024-10-04 00:00:00+00:00,2,1,32,15
2024-10-05 00:00:00+00:00,0,0,16,11
2024-10-06 00:00:00+00:00,1,1,21,14
2024-10-07 00:00:00+00:00,1,1,44,30
2024-10-08 00:00:00+00:00,0,0,37,23
2024-10-09 00:00:00+00:00,2,2,19,14
2024-10-10 00:00:00+00:00,0,0,32,22
2024-10-11 00:00:00+00:00,1,1,76,16
2024-10-12 00:00:00+00:00,2,1,40,6
2024-10-13 00:00:00+00:00,4,2,22,8
2024-10-14 00:00:00+00:00,7,2,80,22
2024-10-15 00:00:00+00:00,0,0,79,21
2024-10-16 00:00:00+00:00,0,0,88,27
2024-10-17 00:00:00+00:00,2,1,68,23
2024-10-18 00:00:00+00:00,0,0,61,15
2024-10-19 00:00:00+00:00,1,1,8,7
2024-10-20 00:00:00+00:00,1,1,22,8
2024-10-21 00:00:00+00:00,2,2,36,24
2024-10-22 00:00:00+00:00,0,0,70,28
2024-10-23 00:00:00+00:00,0,0,42,22
2024-10-24 00:00:00+00:00,6,4,44,28
2024-10-25 00:00:00+00:00,1,1,22,12
2024-10-26 00:00:00+00:00,0,0,16,8
2024-10-27 00:00:00+00:00,1,1,19,6
2024-10-28 00:00:00+00:00,0,0,38,25
2024-10-29 00:00:00+00:00,5,3,29,19
2024-10-30 00:00:00+00:00,2,2,60,20
2024-10-31 00:00:00+00:00,2,2,43,28
2024-11-01 00:00:00+00:00,2,2,28,21
2024-11-02 00:00:00+00:00,2,1,10,9
2024-11-03 00:00:00+00:00,3,1,6,5
2024-11-04 00:00:00+00:00,2,2,25,21
2024-11-05 00:00:00+00:00,2,1,33,22
2024-11-06 00:00:00+00:00,1,1,26,20
2024-11-07 00:00:00+00:00,2,2,15,13
2024-11-08 00:00:00+00:00,2,2,27,15
2024-11-09 00:00:00+00:00,1,1,10,7
2024-11-10 00:00:00+00:00,3,2,17,13
2024-11-11 00:00:00+00:00,2,2,60,20
2024-11-12 00:00:00+00:00,2,2,33,20
2024-11-13 00:00:00+00:00,0,0,24,19
2024-11-14 00:00:00+00:00,0,0,30,23
2024-11-15 00:00:00+00:00,1,1,22,17
2024-11-16 00:00:00+00:00,0,0,18,10
2024-11-17 00:00:00+00:00,0,0,7,5
2024-11-18 00:00:00+00:00,0,0,33,19
2024-11-19 00:00:00+00:00,0,0,18,14
2024-11-20 00:00:00+00:00,3,3,30,17
2024-11-21 00:00:00+00:00,2,2,28,17
2024-11-22 00:00:00+00:00,3,3,15,12
2024-11-23 00:00:00+00:00,4,3,15,10
2024-11-24 00:00:00+00:00,2,1,16,11
2024-11-25 00:00:00+00:00,3,2,41,17
2024-11-26 00:00:00+00:00,1,1,25,16
2024-11-27 00:00:00+00:00,6,2,42,24
2024-11-28 00:00:00+00:00,3,2,23,14
2024-11-29 00:00:00+00:00,1,1,13,12
2024-11-30 00:00:00+00:00,5,2,13,11
2024-12-01 00:00:00+00:00,2,2,11,5
2024-12-02 00:00:00+00:00,4,4,23,14
2024-12-03 00:00:00+00:00,2,2,23,15
2024-12-04 00:00:00+00:00,3,3,35,23
2024-12-05 00:00:00+00:00,0,0,23,20
2024-12-06 00:00:00+00:00,2,2,21,17
2024-12-07 00:00:00+00:00,0,0,16,9
2024-12-08 00:00:00+00:00,4,3,15,11
2024-12-09 00:00:00+00:00,3,1,32,20
2024-12-10 00:00:00+00:00,1,1,11,10
2024-12-11 00:00:00+00:00,5,4,30,15
2024-12-12 00:00:00+00:00,3,3,22,13
2024-12-13 00:00:00+00:00,2,2,19,9
2024-12-14 00:00:00+00:00,1,1,17,6
2024-12-15 00:00:00+00:00,3,1,11,6
2024-12-16 00:00:00+00:00,0,0,22,17
2024-12-17 00:00:00+00:00,4,4,32,20
2024-12-18 00:00:00+00:00,1,1,8,7
2024-12-19 00:00:00+00:00,2,2,23,14
2024-12-20 00:00:00+00:00,2,2,24,19
2024-12-21 00:00:00+00:00,3,2,21,12
2024-12-22 00:00:00+00:00,2,1,9,6
2024-12-23 00:00:00+00:00,3,2,7,6
2024-12-24 00:00:00+00:00,2,1,15,6
2024-12-25 00:00:00+00:00,1,1,17,9
2024-12-26 00:00:00+00:00,5,2,15,11
2024-12-27 00:00:00+00:00,3,2,12,11
2024-12-28 00:00:00+00:00,0,0,2,2
2024-12-29 00:00:00+00:00,2,1,11,8
2024-12-30 00:00:00+00:00,2,2,22,15
2024-12-31 00:00:00+00:00,0,0,8,4
2025-01-01 00:00:00+00:00,3,2,6,4
2025-01-02 00:00:00+00:00,3,2,17,12
2025-01-03 00:00:00+00:00,0,0,20,9
2025-01-04 00:00:00+00:00,2,1,7,6
2025-01-05 00:00:00+00:00,2,2,10,8
2025-01-06 00:00:00+00:00,2,2,19,17
2025-01-07 00:00:00+00:00,1,1,23,11
2025-01-08 00:00:00+00:00,1,1,38,18
2025-01-09 00:00:00+00:00,0,0,18,13
2025-01-10 00:00:00+00:00,2,2,11,8
2025-01-11 00:00:00+00:00,1,1,3,3
2025-01-12 00:00:00+00:00,2,2,4,3
2025-01-13 00:00:00+00:00,0,0,15,11
2025-01-14 00:00:00+00:00,1,1,16,13
2025-01-15 00:00:00+00:00,1,1,25,12
2025-01-16 00:00:00+00:00,0,0,24,16
2025-01-17 00:00:00+00:00,1,1,21,12
2025-01-18 00:00:00+00:00,1,1,7,5
2025-01-19 00:00:00+00:00,1,1,20,13
2025-01-20 00:00:00+00:00,5,2,48,24
2025-01-21 00:00:00+00:00,2,2,35,23
2025-01-22 00:00:00+00:00,3,2,19,16
2025-01-23 00:00:00+00:00,0,0,31,24
2025-01-24 00:00:00+00:00,0,0,13,9
2025-01-25 00:00:00+00:00,3,1,7,4
2025-01-26 00:00:00+00:00,2,1,10,7
2025-01-27 00:00:00+00:00,1,1,38,22
2025-01-28 00:00:00+00:00,2,2,18,9
2025-01-29 00:00:00+00:00,1,1,14,11
2025-01-30 00:00:00+00:00,12,7,33,18
2025-01-31 00:00:00+00:00,5,3,34,19
2025-02-01 00:00:00+00:00,2,2,15,12
2025-02-02 00:00:00+00:00,5,2,6,4
2025-02-03 00:00:00+00:00,4,4,19,13
2025-02-04 00:00:00+00:00,1,1,19,16
2025-02-05 00:00:00+00:00,5,3,34,18
2025-02-06 00:00:00+00:00,3,2,36,18
2025-02-07 00:00:00+00:00,6,3,22,15
2025-02-08 00:00:00+00:00,6,2,27,14
2025-02-09 00:00:00+00:00,6,3,14,10
2025-02-10 00:00:00+00:00,5,2,39,18
2025-02-11 00:00:00+00:00,4,4,27,21
2025-02-12 00:00:00+00:00,9,5,22,15
2025-02-13 00:00:00+00:00,5,2,20,12
2025-02-14 00:00:00+00:00,15,7,23,16
2025-02-15 00:00:00+00:00,5,5,15,8
2025-02-16 00:00:00+00:00,6,3,27,12
2025-02-17 00:00:00+00:00,6,3,20,14
2025-02-18 00:00:00+00:00,5,5,44,17
2025-02-19 00:00:00+00:00,6,5,57,22
2025-02-20 00:00:00+00:00,5,3,39,22
2025-02-21 00:00:00+00:00,5,3,24,10
2025-02-22 00:00:00+00:00,5,4,14,10
2025-02-23 00:00:00+00:00,3,2,12,8
2025-02-24 00:00:00+00:00,8,6,39,20
2025-02-25 00:00:00+00:00,4,2,35,22
2025-02-26 00:00:00+00:00,4,3,27,20
2025-02-27 00:00:00+00:00,7,5,30,22
2025-02-28 00:00:00+00:00,7,4,20,17
2025-03-01 00:00:00+00:00,7,5,14,7
2025-03-02 00:00:00+00:00,6,4,11,8
2025-03-03 00:00:00+00:00,5,4,24,17
2025-03-04 00:00:00+00:00,7,4,22,15
2025-03-05 00:00:00+00:00,3,3,24,19
2025-03-06 00:00:00+00:00,3,3,28,17
2025-03-07 00:00:00+00:00,6,6,17,15
2025-03-08 00:00:00+00:00,19,13,17,6
2025-03-09 00:00:00+00:00,17,10,17,11
2025-03-10 00:00:00+00:00,5,5,40,24
2025-03-11 00:00:00+00:00,12,8,28,21
2025-03-12 00:00:00+00:00,2,2,18,13
2025-03-13 00:00:00+00:00,3,3,27,17
2025-03-14 00:00:00+00:00,3,3,18,16
2025-03-15 00:00:00+00:00,11,5,12,8
2025-03-16 00:00:00+00:00,6,3,33,11
2025-03-17 00:00:00+00:00,4,4,70,27
2025-03-18 00:00:00+00:00,3,3,50,30
2025-03-19 00:00:00+00:00,5,5,29,22
2025-03-20 00:00:00+00:00,4,3,18,14
2025-03-21 00:00:00+00:00,8,5,17,14
2025-03-22 00:00:00+00:00,10,5,18,7
2025-03-23 00:00:00+00:00,2,2,17,13
2025-03-24 00:00:00+00:00,9,5,46,16
2025-03-25 00:00:00+00:00,8,4,37,25
2025-03-26 00:00:00+00:00,7,4,43,27
2025-03-27 00:00:00+00:00,5,3,21,12
2025-03-28 00:00:00+00:00,3,3,35,16
2025-03-29 00:00:00+00:00,2,2,14,9
2025-03-30 00:00:00+00:00,10,6,9,9
2025-03-31 00:00:00+00:00,8,6,64,21
2025-04-01 00:00:00+00:00,8,5,46,19
2025-04-02 00:00:00+00:00,8,6,59,24
2025-04-03 00:00:00+00:00,6,6,30,20
2025-04-04 00:00:00+00:00,8,5,44,25
2025-04-05 00:00:00+00:00,15,6,8,5
2025-04-06 00:00:00+00:00,3,3,15,8
2025-04-07 00:00:00+00:00,6,5,43,15
2025-04-08 00:00:00+00:00,5,5,36,21
2025-04-09 00:00:00+00:00,3,3,39,19
2025-04-10 00:00:00+00:00,6,6,17,13
2025-04-11 00:00:00+00:00,6,3,28,17
2025-04-12 00:00:00+00:00,4,3,26,9
2025-04-13 00:00:00+00:00,6,2,10,8
2025-04-14 00:00:00+00:00,5,3,52,24
2025-04-15 00:00:00+00:00,3,3,34,23
2025-04-16 00:00:00+00:00,7,4,16,16
2025-04-17 00:00:00+00:00,3,3,32,21
2025-04-18 00:00:00+00:00,6,5,20,7
2025-04-19 00:00:00+00:00,2,2,6,4
2025-04-20 00:00:00+00:00,10,7,17,11
2025-04-21 00:00:00+00:00,9,6,23,16
2025-04-22 00:00:00+00:00,5,3,20,14
2025-04-23 00:00:00+00:00,5,2,28,17
2025-04-24 00:00:00+00:00,5,4,27,19
2025-04-25 00:00:00+00:00,2,2,28,12
2025-04-26 00:00:00+00:00,2,2,6,5
2025-04-27 00:00:00+00:00,4,2,8,8
2025-04-28 00:00:00+00:00,6,3,32,22
2025-04-29 00:00:00+00:00,4,4,28,12
2025-04-30 00:00:00+00:00,8,5,18,16
2025-05-01 00:00:00+00:00,4,4,16,12
2025-05-02 00:00:00+00:00,12,7,17,15
2025-05-03 00:00:00+00:00,7,3,7,6
2025-05-04 00:00:00+00:00,13,13,10,9
2025-05-05 00:00:00+00:00,1,1,31,23
2025-05-06 00:00:00+00:00,6,3,26,21
2025-05-07 00:00:00+00:00,4,3,28,21
2025-05-08 00:00:00+00:00,9,5,83,30
2025-05-09 00:00:00+00:00,6,5,47,24
2025-05-10 00:00:00+00:00,9,6,11,9
2025-05-11 00:00:00+00:00,3,3,35,12
2025-05-12 00:00:00+00:00,7,5,52,37
2025-05-13 00:00:00+00:00,10,6,37,30
2025-05-14 00:00:00+00:00,10,7,34,23
2025-05-15 00:00:00+00:00,8,4,47,21
2025-05-16 00:00:00+00:00,2,2,21,20
2025-05-17 00:00:00+00:00,7,4,5,4
2025-05-18 00:00:00+00:00,5,3,26,7
2025-05-19 00:00:00+00:00,13,7,41,17
2025-05-20 00:00:00+00:00,8,6,38,23
2025-05-21 00:00:00+00:00,30,18,32,16
2025-05-22 00:00:00+00:00,10,9,55,35
2025-05-23 00:00:00+00:00,5,4,32,19
2025-05-24 00:00:00+00:00,5,4,17,10
2025-05-25 00:00:00+00:00,11,4,8,6
2025-05-26 00:00:00+00:00,4,4,38,22
2025-05-27 00:00:00+00:00,7,4,74,24
2025-05-28 00:00:00+00:00,6,3,46,25
2025-05-29 00:00:00+00:00,26,3,29,24
2025-05-30 00:00:00+00:00,49,4,37,20
2025-05-31 00:00:00+00:00,34,6,10,7
2025-06-01 00:00:00+00:00,8,3,12,7
2025-06-02 00:00:00+00:00,2,2,28,16
2025-06-03 00:00:00+00:00,3,2,33,20
2025-06-04 00:00:00+00:00,2,2,37,24
2025-06-05 00:00:00+00:00,2,2,13,13
2025-06-06 00:00:00+00:00,7,6,35,15
2025-06-07 00:00:00+00:00,8,5,13,10
2025-06-08 00:00:00+00:00,7,5,6,5
2025-06-09 00:00:00+00:00,3,3,24,18
2025-06-10 00:00:00+00:00,7,4,41,23
2025-06-11 00:00:00+00:00,4,4,35,31
2025-06-12 00:00:00+00:00,8,4,44,25
2025-06-13 00:00:00+00:00,2,2,24,21
2025-06-14 00:00:00+00:00,7,7,13,8
2025-06-15 00:00:00+00:00,4,4,6,4
2025-06-16 00:00:00+00:00,7,7,49,14
2025-06-17 00:00:00+00:00,7,7,27,21
2025-06-18 00:00:00+00:00,5,5,49,20
2025-06-19 00:00:00+00:00,4,4,19,16
2025-06-20 00:00:00+00:00,3,3,35,12
2025-06-21 00:00:00+00:00,3,3,17,6
2025-06-22 00:00:00+00:00,3,3,9,9
2025-06-23 00:00:00+00:00,5,5,38,22
2025-06-24 00:00:00+00:00,3,3,30,19
2025-06-25 00:00:00+00:00,1,1,69,24
2025-06-26 00:00:00+00:00,7,6,23,16
2025-06-27 00:00:00+00:00,5,4,14,13
2025-06-28 00:00:00+00:00,5,5,10,7
2025-06-29 00:00:00+00:00,12,2,6,6
2025-06-30 00:00:00+00:00,7,7,38,23
2025-07-01 00:00:00+00:00,7,7,23,19
2025-07-02 00:00:00+00:00,11,8,70,35
2025-07-03 00:00:00+00:00,8,8,55,29
2025-07-04 00:00:00+00:00,7,6,19,15
2025-07-05 00:00:00+00:00,1,1,6,6
2025-07-06 00:00:00+00:00,7,5,36,8
2025-07-07 00:00:00+00:00,8,8,35,19
2025-07-08 00:00:00+00:00,8,8,52,35
2025-07-09 00:00:00+00:00,3,3,44,21
2025-07-10 00:00:00+00:00,5,5,39,22
2025-07-11 00:00:00+00:00,4,4,35,24
2025-07-12 00:00:00+00:00,8,8,11,8
2025-07-13 00:00:00+00:00,5,5,21,13
2025-07-14 00:00:00+00:00,9,8,49,34
2025-07-15 00:00:00+00:00,3,3,25,21
2025-07-16 00:00:00+00:00,8,7,33,27
2025-07-17 00:00:00+00:00,4,4,30,25
2025-07-18 00:00:00+00:00,6,6,21,18
2025-07-19 00:00:00+00:00,6,5,14,10
2025-07-20 00:00:00+00:00,4,4,10,8
2025-07-21 00:00:00+00:00,9,8,21,19
2025-07-22 00:00:00+00:00,4,4,26,21
2025-07-23 00:00:00+00:00,18,17,25,15
2025-07-24 00:00:00+00:00,7,7,38,20
2025-07-25 00:00:00+00:00,4,4,28,17
2025-07-26 00:00:00+00:00,14,8,13,11
2025-07-27 00:00:00+00:00,5,5,11,9
2025-07-28 00:00:00+00:00,4,4,37,23
2025-07-29 00:00:00+00:00,7,7,38,20
2025-07-30 00:00:00+00:00,3,3,109,18
2025-07-31 00:00:00+00:00,1,1,23,16
2025-08-01 00:00:00+00:00,4,4,18,16
2025-08-02 00:00:00+00:00,1,1,5,4
2025-08-03 00:00:00+00:00,5,5,4,4
2025-08-04 00:00:00+00:00,6,5,37,27
2025-08-05 00:00:00+00:00,7,5,22,18
2025-08-06 00:00:00+00:00,4,3,46,24
2025-08-07 00:00:00+00:00,12,8,46,28
2025-08-08 00:00:00+00:00,8,8,24,19
2025-08-09 00:00:00+00:00,4,4,7,7
2025-08-10 00:00:00+00:00,5,5,4,3
2025-08-11 00:00:00+00:00,13,13,83,17
2025-08-12 00:00:00+00:00,12,12,27,22
2025-08-13 00:00:00+00:00,17,17,27,23
2025-08-14 00:00:00+00:00,1,1,31,25
2025-08-15 00:00:00+00:00,1,1,18,16
2025-08-16 00:00:00+00:00,3,3,10,7
2025-08-17 00:00:00+00:00,5,5,13,10
2025-08-18 00:00:00+00:00,5,5,16,14
2025-08-19 00:00:00+00:00,1,1,13,11
2025-08-20 00:00:00+00:00,6,6,34,24
2025-08-21 00:00:00+00:00,2,2,37,20
2025-08-22 00:00:00+00:00,4,4,25,20
2025-08-23 00:00:00+00:00,4,3,2,2
2025-08-24 00:00:00+00:00,6,6,6,5
2025-08-25 00:00:00+00:00,6,6,46,25
2025-08-26 00:00:00+00:00,6,6,49,19
2025-08-27 00:00:00+00:00,4,4,30,19
2025-08-28 00:00:00+00:00,7,7,24,16
2025-08-29 00:00:00+00:00,2,2,16,16
2025-08-30 00:00:00+00:00,8,8,11,10
2025-08-31 00:00:00+00:00,3,3,18,8
2025-09-01 00:00:00+00:00,12,11,31,27
2025-09-02 00:00:00+00:00,6,6,19,15
2025-09-03 00:00:00+00:00,2,2,26,21
2025-09-04 00:00:00+00:00,3,3,19,16
2025-09-05 00:00:00+00:00,8,8,18,17
2025-09-06 00:00:00+00:00,4,4,11,8
2025-09-07 00:00:00+00:00,7,7,9,8
2025-09-08 00:00:00+00:00,11,11,39,29
2025-09-09 00:00:00+00:00,17,12,31,20
2025-09-10 00:00:00+00:00,10,8,44,21
2025-09-11 00:00:00+00:00,13,12,35,16
2025-09-12 00:00:00+00:00,5,5,67,15
2025-09-13 00:00:00+00:00,4,3,33,11
2025-09-14 00:00:00+00:00,13,12,10,6
2025-09-15 00:00:00+00:00,5,5,55,25
2025-09-16 00:00:00+00:00,18,11,20,15
2025-09-17 00:00:00+00:00,21,16,73,24
2025-09-18 00:00:00+00:00,8,8,20,11
2025-09-19 00:00:00+00:00,8,7,28,17
2025-09-20 00:00:00+00:00,3,3,7,5
2025-09-21 00:00:00+00:00,4,4,9,8
2025-09-22 00:00:00+00:00,11,10,22,16
2025-09-23 00:00:00+00:00,7,3,51,16
2025-09-24 00:00:00+00:00,1,1,35,21
2025-09-25 00:00:00+00:00,7,6,30,26
2025-09-26 00:00:00+00:00,2,2,58,25
2025-09-27 00:00:00+00:00,2,2,13,10
2025-09-28 00:00:00+00:00,9,9,6,5
2025-09-29 00:00:00+00:00,12,9,25,18
2025-09-30 00:00:00+00:00,5,5,27,23
2025-10-01 00:00:00+00:00,6,3,16,14
2025-10-02 00:00:00+00:00,2,2,27,17
2025-10-03 00:00:00+00:00,7,6,37,23
2025-10-04 00:00:00+00:00,6,6,10,7
2025-10-05 00:00:00+00:00,3,3,11,9
2025-10-06 00:00:00+00:00,5,5,49,19
2025-10-07 00:00:00+00:00,2,2,34,24
2025-10-08 00:00:00+00:00,1,1,21,17
2025-10-09 00:00:00+00:00,10,7,35,14
2025-10-10 00:00:00+00:00,4,4,27,22
2025-10-11 00:00:00+00:00,7,6,8,8
2025-10-12 00:00:00+00:00,3,2,10,10
2025-10-13 00:00:00+00:00,7,6,47,25
2025-10-14 00:00:00+00:00,21,5,22,21
2025-10-15 00:00:00+00:00,3,3,38,27
2025-10-16 00:00:00+00:00,5,5,34,26
2025-10-17 00:00:00+00:00,5,5,32,21
2025-10-18 00:00:00+00:00,3,2,1,1
2025-10-19 00:00:00+00:00,16,4,15,10
2025-10-20 00:00:00+00:00,17,6,27,24
2025-10-21 00:00:00+00:00,16,6,22,17
2025-10-22 00:00:00+00:00,9,3,39,28
2025-10-23 00:00:00+00:00,14,9,28,21
2025-10-24 00:00:00+00:00,23,11,28,17
2025-10-25 00:00:00+00:00,6,6,25,12
2025-10-26 00:00:00+00:00,18,13,11,7
2025-10-27 00:00:00+00:00,28,20,33,22
2025-10-28 00:00:00+00:00,8,3,34,21
2025-10-29 00:00:00+00:00,11,5,69,34
2025-10-30 00:00:00+00:00,17,9,23,17
2025-10-31 00:00:00+00:00,10,4,28,13
2025-11-01 00:00:00+00:00,15,5,25,13
2025-11-02 00:00:00+00:00,8,6,12,9
2025-11-03 00:00:00+00:00,15,14,32,22
2025-11-04 00:00:00+00:00,12,8,45,32
2025-11-05 00:00:00+00:00,11,11,74,34
2025-11-06 00:00:00+00:00,19,17,49,32
2025-11-07 00:00:00+00:00,18,12,17,10
2025-11-08 00:00:00+00:00,11,6,3,3
2025-11-09 00:00:00+00:00,9,3,12,11
2025-11-10 00:00:00+00:00,20,12,30,17
2025-11-11 00:00:00+00:00,21,9,36,19
2025-11-12 00:00:00+00:00,21,14,61,30
2025-11-13 00:00:00+00:00,6,4,34,20
2025-11-14 00:00:00+00:00,15,9,19,15
2025-11-15 00:00:00+00:00,27,22,14,8
2025-11-16 00:00:00+00:00,3,3,11,9
2025-11-17 00:00:00+00:00,20,19,76,30
2025-11-18 00:00:00+00:00,4,4,24,17
2025-11-19 00:00:00+00:00,6,4,42,24
2025-11-20 00:00:00+00:00,22,20,30,23
2025-11-21 00:00:00+00:00,7,7,30,26
2025-11-22 00:00:00+00:00,4,4,9,9
2025-11-23 00:00:00+00:00,3,3,28,11
2025-11-24 00:00:00+00:00,9,9,42,20
2025-11-25 00:00:00+00:00,6,6,42,19
2025-11-26 00:00:00+00:00,9,8,30,19
2025-11-27 00:00:00+00:00,14,11,30,16
2025-11-28 00:00:00+00:00,22,18,44,14
2025-11-29 00:00:00+00:00,12,10,9,8
2025-11-30 00:00:00+00:00,9,9,10,9
2025-12-01 00:00:00+00:00,72,28,34,19
2025-12-02 00:00:00+00:00,28,19,66,32
2025-12-03 00:00:00+00:00,133,35,46,26
2025-12-04 00:00:00+00:00,8,6,44,27
2025-12-05 00:00:00+00:00,12,7,28,18
2025-12-06 00:00:00+00:00,16,8,6,6
2025-12-07 00:00:00+00:00,10,4,8,7
2025-12-08 00:00:00+00:00,12,8,52,21
2025-12-09 00:00:00+00:00,16,10,33,27
2025-12-10 00:00:00+00:00,8,4,35,27
2025-12-11 00:00:00+00:00,11,7,43,29
2025-12-12 00:00:00+00:00,7,7,21,17
2025-12-13 00:00:00+00:00,3,3,10,8
2025-12-14 00:00:00+00:00,10,6,14,8
2025-12-15 00:00:00+00:00,8,8,33,22
2025-12-16 00:00:00+00:00,15,10,33,26
2025-12-17 00:00:00+00:00,17,9,30,20
2025-12-18 00:00:00+00:00,5,4,28,20
2025-12-19 00:00:00+00:00,11,11,28,21
2025-12-20 00:00:00+00:00,11,5,19,10
2025-12-21 00:00:00+00:00,13,8,11,10
2025-12-22 00:00:00+00:00,8,8,29,15
2025-12-23 00:00:00+00:00,4,4,19,14
2025-12-24 00:00:00+00:00,16,9,10,6
2025-12-25 00:00:00+00:00,15,8,13,6
2025-12-26 00:00:00+00:00,6,3,13,7
2025-12-27 00:00:00+00:00,11,4,6,6
2025-12-28 00:00:00+00:00,11,4,2,2
2025-12-29 00:00:00+00:00,14,7,16,9
2025-12-30 00:00:00+00:00,13,6,11,8
2025-12-31 00:00:00+00:00,7,6,8,7
2026-01-01 00:00:00+00:00,3,3,2,2
2026-01-02 00:00:00+00:00,11,7,14,9
2026-01-03 00:00:00+00:00,8,4,14,8
2026-01-04 00:00:00+00:00,12,7,21,9
2026-01-05 00:00:00+00:00,4,4,54,31
2026-01-06 00:00:00+00:00,23,14,30,14
2026-01-07 00:00:00+00:00,14,9,17,15
2026-01-08 00:00:00+00:00,10,6,36,21
2026-01-09 00:00:00+00:00,14,5,14,12
2026-01-10 00:00:00+00:00,9,5,12,5
2026-01-11 00:00:00+00:00,5,5,5,4
2026-01-12 00:00:00+00:00,9,9,71,23
2026-01-13 00:00:00+00:00,16,8,39,22
2026-01-14 00:00:00+00:00,12,4,50,20
2026-01-15 00:00:00+00:00,11,7,18,12
2026-01-16 00:00:00+00:00,18,10,40,26
2026-01-17 00:00:00+00:00,10,6,12,5
2026-01-18 00:00:00+00:00,8,4,12,9
2026-01-19 00:00:00+00:00,17,7,32,14
2026-01-20 00:00:00+00:00,11,6,21,12
2026-01-21 00:00:00+00:00,18,10,65,24
2026-01-22 00:00:00+00:00,8,4,41,23
2026-01-23 00:00:00+00:00,12,4,28,19
2026-01-24 00:00:00+00:00,7,7,9,7
2026-01-25 00:00:00+00:00,17,8,12,10
2026-01-26 00:00:00+00:00,15,11,22,16
2026-01-27 00:00:00+00:00,12,7,25,18
2026-01-28 00:00:00+00:00,14,6,33,24
2026-01-29 00:00:00+00:00,12,8,56,20
2026-01-30 00:00:00+00:00,20,5,25,19
2026-01-31 00:00:00+00:00,8,4,6,5
2026-02-01 00:00:00+00:00,20,11,46,12
2026-02-02 00:00:00+00:00,12,7,23,19
2026-02-03 00:00:00+00:00,9,5,20,13
2026-02-04 00:00:00+00:00,12,8,26,15
2026-02-05 00:00:00+00:00,12,8,25,18
2026-02-06 00:00:00+00:00,14,7,22,14
2026-02-07 00:00:00+00:00,16,7,11,8
2026-02-08 00:00:00+00:00,21,12,8,7
2026-02-09 00:00:00+00:00,5,4,19,14
2026-02-10 00:00:00+00:00,22,13,48,17
2026-02-11 00:00:00+00:00,12,7,29,12
2026-02-12 00:00:00+00:00,6,5,17,17
2026-02-13 00:00:00+00:00,14,6,6,5
2026-02-14 00:00:00+00:00,9,5,9,5
2026-02-15 00:00:00+00:00,17,9,8,5
2026-02-16 00:00:00+00:00,23,11,13,10
2026-02-17 00:00:00+00:00,15,8,38,16
2026-02-18 00:00:00+00:00,8,4,32,27
2026-02-19 00:00:00+00:00,8,4,22,19
2026-02-20 00:00:00+00:00,16,4,20,14
2026-02-21 00:00:00+00:00,19,10,8,6
2026-02-22 00:00:00+00:00,18,10,9,9
2026-02-23 00:00:00+00:00,15,7,23,18
2026-02-24 00:00:00+00:00,10,6,17,13
2026-02-25 00:00:00+00:00,13,7,75,13
2026-02-26 00:00:00+00:00,20,10,23,15
2026-02-27 00:00:00+00:00,17,13,7,6
2026-02-28 00:00:00+00:00,10,6,11,7
2026-03-01 00:00:00+00:00,16,8,6,5
2026-03-02 00:00:00+00:00,20,12,34,27
2026-03-03 00:00:00+00:00,3,3,34,20
2026-03-04 00:00:00+00:00,16,7,33,21
2026-03-05 00:00:00+00:00,25,16,35,15
2026-03-06 00:00:00+00:00,7,3,7,6
2026-03-07 00:00:00+00:00,10,6,7,5
2026-03-08 00:00:00+00:00,17,5,15,9
2026-03-09 00:00:00+00:00,16,12,42,25
2026-03-10 00:00:00+00:00,7,5,30,17
2026-03-11 00:00:00+00:00,12,7,35,30
2026-03-12 00:00:00+00:00,9,4,15,13
2026-03-13 00:00:00+00:00,2,2,14,11
2026-03-14 00:00:00+00:00,5,5,39,6
2026-03-15 00:00:00+00:00,11,6,8,8
2026-03-16 00:00:00+00:00,25,13,22,13
2026-03-17 00:00:00+00:00,12,5,19,15
2026-03-18 00:00:00+00:00,10,5,20,17
2026-03-19 00:00:00+00:00,8,4,32,13
2026-03-20 00:00:00+00:00,6,5,22,14
2026-03-21 00:00:00+00:00,7,3,9,7
2026-03-22 00:00:00+00:00,12,4,8,5
2026-03-23 00:00:00+00:00,13,11,45,28
2026-03-24 00:00:00+00:00,8,8,24,19
2026-03-25 00:00:00+00:00,4,4,20,19
2026-03-26 00:00:00+00:00,12,9,32,23
2026-03-27 00:00:00+00:00,10,5,11,9
2026-03-28 00:00:00+00:00,12,8,6,5
2026-03-29 00:00:00+00:00,11,7,6,6
2026-03-30 00:00:00+00:00,19,13,15,13
2026-03-31 00:00:00+00:00,14,6,36,22
2026-04-01 00:00:00+00:00,17,13,36,17
2026-04-02 00:00:00+00:00,15,11,31,12
2026-04-03 00:00:00+00:00,23,13,19,13
2026-04-04 00:00:00+00:00,7,6,17,13
2026-04-05 00:00:00+00:00,13,9,13,8
2026-04-06 00:00:00+00:00,17,12,12,11
2026-04-07 00:00:00+00:00,9,8,26,18
2026-04-08 00:00:00+00:00,17,8,32,13
2026-04-09 00:00:00+00:00,32,13,15,11
2026-04-10 00:00:00+00:00,24,13,15,9
2026-04-11 00:00:00+00:00,43,22,11,10
2026-04-12 00:00:00+00:00,8,8,10,7
2026-04-13 00:00:00+00:00,27,14,19,18
2026-04-14 00:00:00+00:00,13,9,48,25
2026-04-15 00:00:00+00:00,45,11,35,16
2026-04-16 00:00:00+00:00,15,10,20,16
2026-04-17 00:00:00+00:00,23,13,24,18
2026-04-18 00:00:00+00:00,17,8,4,3
2026-04-19 00:00:00+00:00,14,8,27,5
2026-04-20 00:00:00+00:00,65,27,17,12
2026-04-21 00:00:00+00:00,68,27,46,23
2026-04-22 00:00:00+00:00,70,27,16,9
2026-04-23 00:00:00+00:00,63,23,18,11
2026-04-24 00:00:00+00:00,55,23,11,9
2026-04-25 00:00:00+00:00,53,23,8,6
2026-04-26 00:00:00+00:00,26,11,25,13
2026-04-27 00:00:00+00:00,25,12,21,17
2026-04-28 00:00:00+00:00,14,5,6,6
2026-04-29 00:00:00+00:00,44,10,5,5
2026-04-30 00:00:00+00:00,30,14,13,10
2026-05-01 00:00:00+00:00,22,7,6,2
2026-05-02 00:00:00+00:00,23,7,9,5
2026-05-03 00:00:00+00:00,25,11,13,10
2026-05-04 00:00:00+00:00,44,17,14,13
2026-05-05 00:00:00+00:00,33,13,38,18
2026-05-06 00:00:00+00:00,38,13,7,6
2026-05-07 00:00:00+00:00,25,12,6,5
2026-05-08 00:00:00+00:00,30,20,13,8
2026-05-09 00:00:00+00:00,45,15,20,7
2026-05-10 00:00:00+00:00,32,11,2,2
2026-05-11 00:00:00+00:00,22,10,26,11
2026-05-12 00:00:00+00:00,47,16,19,9
2026-05-13 00:00:00+00:00,40,13,10,10
2026-05-14 00:00:00+00:00,22,8,8,8
2026-05-15 00:00:00+00:00,13,10,31,13
2026-05-16 00:00:00+00:00,12,8,12,6
2026-05-17 00:00:00+00:00,39,11,10,9
2026-05-18 00:00:00+00:00,15,9,18,15
2026-05-19 00:00:00+00:00,29,11,35,10
2026-05-20 00:00:00+00:00,33,12,12,11
2026-05-21 00:00:00+00:00,14,8,12,9
2026-05-22 00:00:00+00:00,18,8,12,11
2026-05-23 00:00:00+00:00,29,15,3,2
2026-05-24 00:00:00+00:00,30,12,7,7
2026-05-25 00:00:00+00:00,24,10,18,12
2026-05-26 00:00:00+00:00,15,8,15,8
2026-05-27 00:00:00+00:00,18,12,10,10
2026-05-28 00:00:00+00:00,14,5,7,6
2026-05-29 00:00:00+00:00,21,11,18,11
2026-05-30 00:00:00+00:00,31,17,3,3
2026-05-31 00:00:00+00:00,12,8,10,8
2026-06-01 00:00:00+00:00,20,11,6,6
2026-06-02 00:00:00+00:00,24,11,9,8
2026-06-03 00:00:00+00:00,34,19,6,6
2026-06-04 00:00:00+00:00,26,12,30,11
2026-06-05 00:00:00+00:00,17,6,22,14
2026-06-06 00:00:00+00:00,17,10,14,6
2026-06-07 00:00:00+00:00,17,8,19,8
2026-06-08 00:00:00+00:00,23,10,19,17
2026-06-09 00:00:00+00:00,15,10,72,26
2026-06-10 00:00:00+00:00,20,9,23,13
2026-06-11 00:00:00+00:00,17,8,26,19
2026-06-12 00:00:00+00:00,23,9,22,16
2026-06-13 00:00:00+00:00,16,6,12,6
2026-06-14 00:00:00+00:00,37,11,20,6
2026-06-15 00:00:00+00:00,32,14,115,15
2026-06-16 00:00:00+00:00,58,21,16,11
2026-06-17 00:00:00+00:00,29,18,26,17
2026-06-18 00:00:00+00:00,34,13,30,16
2026-06-19 00:00:00+00:00,39,18,14,14
2026-06-20 00:00:00+00:00,56,14,2,2
2026-06-21 00:00:00+00:00,40,11,14,8
2026-06-22 00:00:00+00:00,37,16,14,13
2026-06-23 00:00:00+00:00,61,26,17,13
2026-06-24 00:00:00+00:00,36,16,19,14
2026-06-25 00:00:00+00:00,38,12,21,10
2026-06-26 00:00:00+00:00,28,14,17,13
2026-06-27 00:00:00+00:00,20,11,2,2
2026-06-28 00:00:00+00:00,14,9,4,3
2026-06-29 00:00:00+00:00,23,14,12,11
2026-06-30 00:00:00+00:00,8,7,11,11
2026-07-01 00:00:00+00:00,31,19,10,9
2026-07-02 00:00:00+00:00,11,6,14,11
2026-07-03 00:00:00+00:00,50,30,8,8
2026-07-04 00:00:00+00:00,37,21,8,6
2026-07-05 00:00:00+00:00,24,18,3,2
2026-07-06 00:00:00+00:00,26,20,11,10
2026-07-07 00:00:00+00:00,23,12,6,5
2026-07-08 00:00:00+00:00,16,8,12,10
2026-07-09 00:00:00+00:00,79,31,17,15
2026-07-10 00:00:00+00:00,20,17,18,11
2026-07-11 00:00:00+00:00,30,16,3,2
2026-07-12 00:00:00+00:00,21,14,9,8
2026-07-13 00:00:00+00:00,22,15,17,13
2026-07-14 00:00:00+00:00,29,15,17,12
2026-07-15 00:00:00+00:00,20,11,6,6
2026-07-16 00:00:00+00:00,9,4,19,13
2026-07-17 00:00:00+00:00,14,8,32,17
2026-07-18 00:00:00+00:00,25,16,2,1
2026-07-19 00:00:00+00:00,18,13,4,4
2026-07-20 00:00:00+00:00,6,5,7,7
2026-07-21 00:00:00+00:00,21,14,12,10
2026-07-22 00:00:00+00:00,22,12,12,11
