url_path,views_total,views_unique
/DynamicsAndNeuralSystems/catch22,165,118
/DynamicsAndNeuralSystems/catch22/tree/main/C,12,6
/DynamicsAndNeuralSystems/catch22/blob/main/README.md,10,4
/DynamicsAndNeuralSystems/catch22/issues,8,7
/DynamicsAndNeuralSystems/catch22/issues/4,8,7
/DynamicsAndNeuralSystems/catch22/blob/main/featureList.txt,5,4
/DynamicsAndNeuralSystems/catch22/blob/main/C/main.c,5,3
/DynamicsAndNeuralSystems/catch22/commits/main,5,3
/DynamicsAndNeuralSystems/catch22/tree/main,5,3
/DynamicsAndNeuralSystems/catch22/blob/main/C/CO_AutoCorr.c,4,3
